Item Code|Description|GTIN|Display Name|Unit
TEST||||
ASP11|Asparagus 11 lbs/cs|818181020003|Asparagus| 11 lbs/cs
ASP28|Asparagus 28 bu/cs|818181020010|Asparagus| 28 bu/cs
ASPT|Asparagus Tips 15 lbs|818181020027|Asparagus Tips| 15 lbs
JASP11|Jumbo Asparagus 11 lbs/cs|818181020034|Jumbo Asparagus| 11 lbs/cs
JASP28|Jumbo Asparagus 28 bu/cs|818181020041|Jumbo Asparagus| 28 bu/cs
PASP11|Purple Asparagus 11 bu/cs|818181020058|Purple Asparagus| 11 bu/cs
PASP28|Purple Asparagus 28 lbs/cs|818181020065|Purple Asparagus| 28 lbs/cs
XLASP11|X-Large Asparagus 11 lbs/cs|818181020072|X-Large Asparagus| 11 lbs/cs
XLASP28|X-Large Asparagus 28 bu/cs|818181020089|X-Large Asparagus| 28 bu/cs
B10|Blue Lake Green Beans 10 lbs/cs|818181020096|Blue Lake Green Beans| 10 lbs/cs
B20|Blue Lake Green Beans 20 lbs/cs|818181020102|Blue Lake Green Beans| 20 lbs/cs
B25|Blue Lake Green Beans 25 lbs/cs|818181020119|Blue Lake Green Beans| 25 lbs/cs
BEP10|Black Eyed Peas 10 lbs/cs|818181020126|Black Eyed Peas| 10 lbs/cs
BEP20|Black Eyed Peas 20 lbs/cs|818181020133|Black Eyed Peas| 20 lbs/cs
BEP25|Black Eyed Peas 25 lbs/cs|818181020140|Black Eyed Peas| 25 lbs/cs
BFAVA20|Baby Fava Beans 20 lbs/cs|818181020157|Baby Fava Beans| 20 lbs/cs
BFAVA5|Baby Fava Beans 5 lbs/cs|818181020164|Baby Fava Beans| 5 lbs/cs
CB10|Cranberry Beans 10 lb/case|818181020188|Cranberry Beans| 10 lb/case
CB25|Cranberry Bean 25lb/case|818181020195|Cranberry Bean| 25lb/case
FAVA10|Fava Beans 10 lbs/cs|818181020201|Fava Beans| 10 lbs/cs
FAVA25|Fava Beans 25 lbs/cs|818181020218|Fava Beans| 25 lbs/cs
FAVAG3|Fava Bean Greens 3 lbs/cs|818181020225|Fava Bean Greens| 3 lbs/cs
BRB24|Baby Red Beets 24 bu/cs|818181020232|Baby Red Beets| 24 bu/cs
CHB10|Loose Chioggia Beets 10 lbs/bag|818181020249|Loose Chioggia Beets| 10 lbs/bag
CHB12|Chioggia Beets 12 bu/cs|818181020256|Chioggia Beets| 12 bu/cs
CHB24|Chioggia Beets 24 bu/cs|818181020263|Chioggia Beets| 24 bu/cs
CHB25|Loose Chioggia Beets 25 lbs/bag|818181020270|Loose Chioggia Beets| 25 lbs/bag
GOB10|Loose Gold Beets 10 lbs/bag|818181020287|Loose Gold Beets| 10 lbs/bag
GOB12|Gold Beets 12 bu/cs|818181020294|Gold Beets| 12 bu/cs
GOB24|Gold Beets 24 bu/cs|818181020300|Gold Beets| 24 bu/cs
GOB25|Loose Gold Beets 25 lbs/bag|818181020317|Loose Gold Beets| 25 lbs/bag
MXB24|Mixed Beets 24 bu/cs|818181020324|Mixed Beets| 24 bu/cs
MXB25|Loose Mixed Beets 25 lbs/bag|818181020331|Loose Mixed Beets| 25 lbs/bag
MXBB24|Mixed Baby Beets 24 bu/cs|818181020348|Mixed Baby Beets| 24 bu/cs
RB10|Loose Red Beets 10 lbs/bag|818181020355|Loose Red Beets| 10 lbs/bag
RB12|Red Beets 12 bu/cs|818181020362|Red Beets| 12 bu/cs
RB24|Red Beets 24 bu/cs|818181020379|Red Beets| 24 bu/cs
RB25|Loose Red Beets 25 lbs/bag|818181020386|Loose Red Beets| 25 lbs/bag
BRC20|Broccoli Crowns 20 lbs/cs|818181020393|Broccoli Crowns| 20 lbs/cs
BRG10|Brocolli Greens 10 lbs/cs|818181020409|Brocolli Greens| 10 lbs/cs
BRS10|Broccoli Shoots 10 lbs/cs|818181020416|Broccoli Shoots| 10 lbs/cs
BUBR14|Bunched Broccoli 14 ct/cs|818181020423|Bunched Broccoli| 14 ct/cs
DCBR10|Di Cicco Broccoli 10 lbs/cs|818181020430|Di Cicco Broccoli| 10 lbs/cs
DCBR5|Di Cicco Broccoli 5 lbs/cs|818181020447|Di Cicco Broccoli| 5 lbs/cs
LBR20|Loose-Pack Broccoli 20 lbs/cs|818181020454|Loose-Pack Broccoli| 20 lbs/cs
RBR15|Romanesco Broccoli 15 lbs/cs|818181020461|Romanesco Broccoli| 15 lbs/cs
RBR18|Romanesco Broccoli 18 lbs/flat|818181020485|Romanesco Broccoli| 18 lbs/flat
RBR20|Romanesco Broccoli 20 lbs/cs|818181020492|Romanesco Broccoli| 20 lbs/cs
BGC20|Baby Green Cabbage 20 lbs/cs|818181020508|Baby Green Cabbage| 20 lbs/cs
BNC25|Baby Napa Cabbage 25 lbs/cs|818181020515|Baby Napa Cabbage| 25 lbs/cs
BSC20|Baby Savoy Cabbage 20 lbs/cs|818181020522|Baby Savoy Cabbage| 20 lbs/cs
BSC35|Baby Savoy Cabbage 35 lbs/ cs|818181020539|Baby Savoy Cabbage| 35 lbs/ cs
GC40|Green Cabbage 40 lbs/cs|818181020546|Green Cabbage| 40 lbs/cs
GC45|Green Cabbage 45 lbs/cs|818181020553|Green Cabbage| 45 lbs/cs
GC550|Green Cabbage 550 lbs/bin|818181020560|Green Cabbage| 550 lbs/bin
GCUNIT|Green Cabbage by the head|818181020577|Green Cabbage| by the head
NACUNIT|Napa Cabbage by the head|818181020584|Napa Cabbage| by the head
NC35|Napa Cabbage 35 lbs/cs|818181020591|Napa Cabbage| 35 lbs/cs
RC40|Red Cabbage 40 lbs/cs|818181020607|Red Cabbage| 40 lbs/cs
RCUNIT|Red Cabbage by the head|818181020614|Red Cabbage| by the head
RSC35|Red Savoy Cabbage 35 lbs/cs|818181020621|Red Savoy Cabbage| 35 lbs/cs
SC30|Savoy Cabbage 30 lbs/cs|818181020638|Savoy Cabbage| 30 lbs/cs
SC35|Savoy Cabbage 35 lbs/cs|818181020645|Savoy Cabbage| 35 lbs/cs
SC40|Savoy Cabbage 40 lbs/cs|818181020652|Savoy Cabbage| 40 lbs/cs
SCUNIT|Savoy Cabbage by the head|818181020669|Savoy Cabbage| by the head
CC40|Cone Cabbage 40 lb/cs|818181020676|Cone Cabbage| 40 lb/cs
CAR10|Carrots 10 lbs/bag|818181020683|Carrots| 10 lbs/bag
CAR12|Carrots 12 bu/cs|818181020690|Carrots| 12 bu/cs
CAR24|Carrots 24 bu/cs|818181020706|Carrots| 24 bu/cs
CAR25|Loose Carrots 25 lbs/bag|818181020713|Loose Carrots| 25 lbs/bag
MXCAR24|Mixed Carrots 24 bu/cs|818181020720|Mixed Carrots| 24 bu/cs
MXCAR25|Loose Mixed Carrots 25 lbs/bag|818181020737|Loose Mixed Carrots| 25 lbs/bag
PCAR10|Purple Carrots 10 lbs/bag|818181020744|Purple Carrots| 10 lbs/bag
PCAR12|Purple Carrots. 12bu/cs|818181020751|Purple Carrots|12 bu/cs
PCAR24|Purple Carrots 24 bu/cs|818181020768|Purple Carrots| 24 bu/cs
PCAR25|Loose Purple Carrots 25 lbs/bag|818181020775|Loose Purple Carrots| 25 lbs/bag
RCAR24|Red Carrots 24 bu/cs|818181020782|Red Carrots| 24 bu/cs
RCAR25|Loose Red Carrots 25 lbs/bag|818181020799|Loose Red Carrots| 25 lbs/bag
YCAR10|Yellow Carrots 10 lbs/bag|818181020805|Yellow Carrots| 10 lbs/bag
YCAR24|Yellow Carrots 24 bu/cs|818181020812|Yellow Carrots| 24 bu/cs
YCAR25|Loose Yellow Carrots 25 lbs/bag|818181020829|Loose Yellow Carrots| 25 lbs/bag
CF18|Cauliflower 18 lbs/flat|818181020850|Cauliflower| 18 lbs/flat
CFUNIT|Cauliflower by the head|818181020881|Cauliflower| by the head
OCF18|Orange Cauliflower 18 lbs/flat|818181020898|Orange Cauliflower| 18 lbs/flat
OCF32|Orange Cauliflower 32 lbs/cs|818181020904|Orange Cauliflower| 32 lbs/cs
PCF18|Purple Cauliflower 18 lbs/flat|818181020911|Purple Cauliflower| 18 lbs/flat
CLC10|Celeriac 10 lbs/bag|818181020928|Celeriac| 10 lbs/bag
CLC25|Celeriac 25 lbs/bag|818181020942|Celeriac| 25 lbs/bag
CLCUNIT|Celeriac by the piece|818181020959|Celeriac| by the piece
BCT|Black Cherry Tomatoes 12 pts/cs|818181020966|Black Cherry Tomatoes| 12 pts/cs
BPCT|Black Plum Cherry Tomatoes 12 pts/cs|818181020973|Black Plum Cherry Tomatoes| 12 pts/cs
GGRCT|Green Grape Cherry Tomatoes 12 pts/cs|818181021109|Green Grape Cherry Tomatoes| 12 pts/cs
GONCT|Gold Nugget Cherry Tomatoes 12 pts/cs|818181021116|Gold Nugget Cherry Tomatoes| 12 pts/cs
JULCT|Juliette Cherry Tomatoes 12 pts/cs|818181021123|Juliette Cherry Tomatoes| 12 pts/cs
MCHCT|Mini Charm Cherry Tomatoes 12 pts/cs|818181021130|Mini Charm Cherry Tomatoes| 12 pts/cs
MXMCT|Mixed Medley Cherry Tomatoes 12 pts/cs|818181021147|Mixed Medley Cherry Tomatoes| 12 pts/cs
PICT|Pink Cherry Tomatoes 12 pts/cs|818181021161|Pink Cherry Tomatoes| 12 pts/cs
RGRCT|Red Grape Cherry Tomatoes 12 pts/cs|818181021178|Red Grape Cherry Tomatoes| 12 pts/cs
RPRCT|Red Pear Cherry Tomatoes 12 pts/cs|818181021185|Red Pear Cherry Tomatoes| 12 pts/cs
SGOCT|Sungold Cherry Tomatoes 12 pts/cs|818181021192|Sungold Cherry Tomatoes| 12 pts/cs
SW100CT|Sweet 100 Cherry Tomatoes 12 pts/cs|818181021208|Sweet 100 Cherry Tomatoes| 12 pts/cs
SWGOCT|Sweet Gold Cherry Tomatoes 12 pts/cs|818181021215|Sweet Gold Cherry Tomatoes| 12 pts/cs
TBCT|Toy Box Cherry Tomatoes 12 pts/cs|818181021222|Toy Box Cherry Tomatoes| 12 pts/cs
WHCT|White Cherry Tomatoes 12 pts/cs|818181021239|White Cherry Tomatoes| 12 pts/cs
YGRCT|Yellow Grape Cherry Tomatoes 12 pts/cs|818181021246|Yellow Grape Cherry Tomatoes| 12 pts/cs
YPRCT|Yellow Pear Cherry Tomatoes 12 pts/cs|818181021253|Yellow Pear Cherry Tomatoes| 12 pts/cs
CASRAD5|Castelfranco Radicchio 5 lbs/cs|818181021260|Castelfranco Radicchio| 5 lbs/cs
CEND12|Curly Endive 12 hds/cs|818181021277|Curly Endive| 12 hds/cs
CEND24|Curly Endive 24 hds/cs|818181021284|Curly Endive| 24 hds/cs
CHRAD10|Chioggia Radicchio 10 lbs/cs|818181021291|Chioggia Radicchio| 10 lbs/cs
CHRAD12|Chioggia Radicchio 12 hds/cs|818181021307|Chioggia Radicchio| 12 hds/cs
ESC5|Escarole 5 lbs/cs|818181021314|Escarole| 5 lbs/cs
ESC24|Escarole 24 hds/cs|818181021321|Escarole| 24 hds/cs
MXCHI12|Mixed Chicories 12 hds/cs|818181021338|Mixed Chicories| 12 hds/cs
MXCHI24|Mixed Chicories 24 hds/cs|818181021345|Mixed Chicories| 24 hds/cs
MXCHI3|Loose Mixed Chicories 3 lbs/cs|818181021352|Loose Mixed Chicories| 3 lbs/cs
MXCHI5|Loose Mixed Chicories 5 lbs/cs|818181021369|Loose Mixed Chicories| 5 lbs/cs
TRVRAD12|Treviso Radicchio 12 hds/cs|818181021383|Treviso Radicchio| 12 hds/cs
TRVRAD24|Treviso Radicchio 24 hds/cs|818181021390|Treviso Radicchio| 24 hds/cs
TRVRAD5|Treviso Radicchio 5 lbs/cs|818181021406|Treviso Radicchio| 5 lbs/cs
BICO24|Bi-Color Sweet Corn 24 ct/cs|818181021413|Bi-Color Sweet Corn| 24 ct/cs
BICO48|Bi-Color Sweet Corn 48 ct/cs|818181021420|Bi-Color Sweet Corn| 48 ct/cs
HOJA DE MILPA|Hojas de Milpa 100 ct/cs|818181021437|Hojas de Milpa| 100 ct/cs
HUIT10|Huitlacoche on the cob|818181021444|Huitlacoche| 10 lbs/cs
HUIT5|Huitlacoche on the cob|818181021451|Huitlacoche| 5 lbs/cs
WHCO24|White Sweet Corn 24 ct/cs|818181021468|White Sweet Corn| 24 ct/cs
WHCO48|White Sweet Corn 48 ct/cs|818181021475|White Sweet Corn| 48 ct/cs
YCO48|Yellow Corn 48 ct/cs|818181021482|Yellow Corn| 48 ct/cs
2ACU10|Choice Armenian Cucumbers 10 lbs/cs|818181021499|Choice Armenian Cucumbers| 10 lbs/cs
2SCU22|Choice Slicing Cucumbers 22 lbs/cs|818181021505|Choice Slicing Cucumbers| 22 lbs/cs
ACU10|Armenian Cucumbers 10 lbs/cs|818181021512|Armenian Cucumbers| 10 lbs/cs
ACU20|Armenian Cucumbers 20 lbs/cs|818181021529|Armenian Cucumbers| 20 lbs/cs
ACU5|Armenian Cucumbers 5 lbs/cs|818181021536|Armenian Cucumbers| 5 lbs/cs
LCU10|Lemon Cucumbers 10 lbs/cs|818181021550|Lemon Cucumbers| 10 lbs/cs
LCU20|Lemon Cucumbers 20 lbs/cs|818181021567|Lemon Cucumbers| 20 lbs/cs
MXCU22|Mixed Cucumbers 22 lb/cs|818181021574|Mixed Cucumbers| 22 lb/cs
PCU15|Pickling Cucumbers 15 lbs/cs|818181021581|Pickling Cucumbers| 15 lbs/cs
PCU22|Pickling Cucumbers 22 lbs/cs|818181021598|Pickling Cucumbers| 22 lbs/cs
PCU25|Pickling Cucumbers 25 lbs/cs|818181021604|Pickling Cucumbers| 25 lbs/cs
PCU45|Pickling Cucumbers 45 lbs/cs|818181021611|Pickling Cucumbers| 45 lbs/cs
SCU22|Slicing Cucumbers 22 lbs/cs|818181021628|Slicing Cucumbers| 22 lbs/cs
2GLE25|Choice Globe Eggplants 25 lbs/cs|818181021642|Choice Globe Eggplants| 25 lbs/cs
2JE10|Choice Japanese Eggplant 10 lbs/cs.|818181021659|Choice Japanese Eggplant| 10 lbs/cs.
BBE10|Black Beauty Eggplants 10 lbs/cs|818181021666|Black Beauty Eggplants| 10 lbs/cs
BBE20|Black Beauty Eggplants 20 lbs/cs|818181021673|Black Beauty Eggplants| 20 lbs/cs
BBE25|Black Beauty Eggplants 25 lbs/cs|818181021680|Black Beauty Eggplants| 25 lbs/cs
BGLE10|Baby Globe Eggplants 10 lbs/cs|818181021697|Baby Globe Eggplants| 10 lbs/cs
CALE10|Calliope Eggplants 10 lbs/cs|818181021703|Calliope Eggplants| 10 lbs/cs
CHE10|Chinese Eggplants 10 lbs/cs|818181021710|Chinese Eggplants| 10 lbs/cs
GLE10|Globe Eggplant 10 lbs/cs|818181021727|Globe Eggplant| 10 lbs/cs
GLE20|Globe Eggplant 20 lbs/cs|818181021734|Globe Eggplant| 20 lbs/cs
GLE25|Globe Eggplants 25 lbs/cs|818181021741|Globe Eggplants| 25 lbs/cs
GLEUNIT|Globe Eggplant by the piece|818181021758|Globe Eggplant| by the piece
GRAFE10|Graffiti Eggplants 10 lbs/cs|818181021765|Graffiti Eggplants| 10 lbs/cs
JE10|Japanese Eggplants 10 lbs/cs|818181021772|Japanese Eggplants| 10 lbs/cs
LDGE10|Listada di Gandia Eggplants 10 lbs/cs|818181021789|Listada di Gandia Eggplants| 10 lbs/cs
LDGE25|Listada di Gandia Eggplants 25 lbs/cs|818181021796|Listada di Gandia Eggplants| 25 lbs/cs
LLG|Louisiana Long Green Eggplant 10 lbs|818181021802|Louisiana Long Green Eggplant| 10 lbs
MACE10|Machiaw Eggplants 10 lbs/cs|818181021819|Machiaw Eggplants| 10 lbs/cs
MXE10|Mixed Eggplants 10 lbs/cs|818181021826|Mixed Eggplants| 10 lbs/cs
MXE20|Mixed Eggplants 20 lbs/cs|818181021833|Mixed Eggplants| 20 lbs/cs
NEOE10|Neon Eggplants 10 lbs/cs|818181021857|Neon Eggplants| 10 lbs/cs
RBE10|Rosa Bianca Eggplants 10 lbs/cs|818181021864|Rosa Bianca Eggplants| 10 lbs/cs
RBE15|Rosa Bianca Eggplants 15 lbs/cs|818181021871|Rosa Bianca Eggplants| 15 lbs/cs
RBE25|Rosa Bianca Eggplants 25 lbs/cs|818181021888|Rosa Bianca Eggplants| 25 lbs/cs
RBEUNIT|Rosa Bianca Eggplants By The Piece|818181021895|Rosa Bianca Eggplants| By The Piece
THE10|Long Green Thai Eggplant 10 lbs/cs|818181021901|Long Green Thai Eggplant| 10 lbs/cs
BFNL10|Baby Fennel 10 lbs/cs|818181021918|Baby Fennel| 10 lbs/cs
FNL12|Fennel 12 ct/cs|818181021925|Fennel| 12 ct/cs
FNL24|Fennel 24 ct/cs|818181021932|Fennel| 24 ct/cs
FNLUNIT|Fennel By the piece|818181021949|Fennel| By the piece
CFG25|Colossal Fresh Garlic 25 lbs|818181021956|Colossal Fresh Garlic| 25 lbs
CG10|Colossal Garlic 10 lbs/cs|818181021963|Colossal Garlic| 10 lbs/cs
CG25|Colossal Garlic 25 lbs/cs|818181021970|Colossal Garlic| 25 lbs/cs
FG25|Fresh Garlic 25 lbs/cs|818181021987|Fresh Garlic| 25 lbs/cs
G25|Garlic 25 lbs/cs|818181021994|Garlic| 25 lbs/cs
G2X5|Garlic 2 X 5-lb bags|818181022007|Garlic| 2 X 5-lb bags
G4X5|Garlic 4 X 5-lb bags|818181022014|Garlic| 4 X 5-lb bags
GRG10|Green Garlic 10 lbs/cs|818181022021|Green Garlic| 10 lbs/cs
GRG12|Green Garlic 12 bu/cs|818181022038|Green Garlic| 12 bu/cs
GRG20|Green Garlic 20 lbs/cs|818181022045|Green Garlic| 20 lbs/cs
GRG24|Green Garlic 24 bu/cs|818181022052|Green Garlic| 24 bu/cs
GRG2X5|Green Garlic 2 X 5-lb bags|818181022069|Green Garlic| 2 X 5-lb bags
GRG5|Green Garlic 5 lbs/cs|818181022076|Green Garlic| 5 lbs/cs
JG10|Jumbo Garlic 10 lbs/cs|818181022083|Jumbo Garlic| 10 lbs/cs
JG25|Jumbo Garlic 25 lbs/cs|818181022090|Jumbo Garlic| 25 lbs/cs
SCG25|Super Colossal Garlic 25 lbs/cs|818181022106|Super Colossal Garlic| 25 lbs/cs
ARU12|Bunched Arugula 12 bu/cs|818181022151|Bunched Arugula| 12 bu/cs
ARU24|Bunched Arugula 24 bu/cs|818181022168|Bunched Arugula| 24 bu/cs
ARU3|Arugula 3 lbs/cs|818181022175|Arugula| 3 lbs/cs
BBBG3|Baby Bull's Blood Beet Greens 3 lbs/cs|818181022182|Baby Bull's Blood Beet Greens| 3 lbs/cs
BCK3|Baby Curly Kale 3 lbs/cs|818181022199|Baby Curly Kale| 3 lbs/cs
BDK3|Baby Dino Kale 3 lbs/cs|818181022205|Baby Dino Kale| 3 lbs/cs
BGCH3|Baby Green Chard 3 lbs/cs|818181022212|Baby Green Chard| 3 lbs/cs
BGDAN3|Baby Green Dandelion 3 lbs/cs|818181022229|Baby Green Dandelion| 3 lbs/cs
BGM3|Baby Green Mustard Greens 3 lbs/cs|818181022236|Baby Green Mustard Greens| 3 lbs/cs
BGOCH3|Baby Gold Chard 3 lbs/cs|818181022243|Baby Gold Chard| 3 lbs/cs
BLSP4|Bloomsdale Spinach 4 lbs/cs|818181022250|Bloomsdale Spinach| 4 lbs/cs
BLSP6|Bloomsdale Spinach 6 lbs/cs|818181022267|Bloomsdale Spinach| 6 lbs/cs
BMXDAN3|Baby Mixed Dandelion 3 lbs/cs|818181022274|Baby Mixed Dandelion| 3 lbs/cs
BMXM3|Baby Mixed Mustard 3 lbs/cs|818181022281|Baby Mixed Mustard| 3 lbs/cs
BOC25|Bok Choi 25 lbs|818181022298|Bok Choi| 25 lbs
BOC35|Bok Choi 35 lbs/cs|818181022304|Bok Choi| 35 lbs/cs
BOCUNIT|Bok Choi By the piece|818181022311|Bok Choi| By the piece
BRACH3|Baby Rainbow Chard 3 lbs/cs|818181022335|Baby Rainbow Chard| 3 lbs/cs
BRAP3|Baby Rapini 3 lbs/cs|818181022342|Baby Rapini| 3 lbs/cs
BRC3|Baby Red Choy 3lbs/cs|818181022359|Baby Red Choy| 3lbs/cs
BRCH3|Baby Red Chard 3 lbs/cs|818181022366|Baby Red Chard| 3 lbs/cs
BRDAN3|Baby Red Dandelion 3 lbs/cs|818181022373|Baby Red Dandelion| 3 lbs/cs
BRM3|Baby Red Mustard Greens 3 lbs/cs|818181022380|Baby Red Mustard Greens| 3 lbs/cs
BRMX3|Braising Mix 3 lbs/bag|818181022397|Braising Mix| 3 lbs/bag
BRRK3|Baby Red Russian Kale 3 lbs/cs|818181022403|Baby Red Russian Kale| 3 lbs/cs
BRST3|Baby Ruby Streaks 3 lbs/cs|818181022410|Baby Ruby Streaks| 3 lbs/cs
BTS3|Baby Tatsoi 3 lbs/cs|818181022427|Baby Tatsoi| 3 lbs/cs
CK12|Curly Kale 12 bu/cs|818181022434|Curly Kale| 12 bu/cs
CK18|Curly Kale 18 lbs/cs|818181022441|Curly Kale| 18 lbs/cs
CK24|Curly Kale 24 bu/cs|818181022458|Curly Kale| 24 bu/cs
COL12|Collard Greens 12 bu/cs|818181022465|Collard Greens| 12 bu/cs
COL18|Collard Greens 18 lbs/cs|818181022472|Collard Greens| 18 lbs/cs
COL24|Collard Greens 24 bu/cs|818181022489|Collard Greens| 24 bu/cs
DK12|Dino Kale 12 bu/cs|818181022496|Dino Kale| 12 bu/cs
DK18|Dino Kale 18 lbs/cs|818181022502|Dino Kale| 18 lbs/cs
DK24|Dino Kale 24 bu/cs|818181022519|Dino Kale| 24 bu/cs
GCH12|Green Chard 12 bu/cs|818181022526|Green Chard| 12 bu/cs
GCH24|Green Chard 24 bu/cs|818181022533|Green Chard| 24 bu/cs
GDAN10|Green Dandelion 10 lbs/cs|818181022540|Green Dandelion| 10 lbs/cs
GDAN12|Green Dandelion 12 bu/cs|818181022557|Green Dandelion| 12 bu/cs
GDAN24|Green Dandelion 24 bu/cs|818181022564|Green Dandelion| 24 bu/cs
GDAN5|Green Dandelion 5 lbs/cs|818181022571|Green Dandelion| 5 lbs/cs
GM12|Green Mustard Greens 12 bu/cs|818181022588|Green Mustard Greens| 12 bu/cs
GM24|Green Mustard Greens 24 bu/cs|818181022595|Green Mustard Greens| 24 bu/cs
GOCH12|Gold Chard 12 bu/cs|818181022601|Gold Chard| 12 bu/cs
GOCH24|Gold Chard 24 bu/cs|818181022618|Gold Chard| 24 bu/cs
LCK18|Loose Curly Kale 18 lbs/cs|818181022625|Loose Curly Kale| 18 lbs/cs
LDK14|Loose Dino Kale 14 lbs/cs|818181022632|Loose Dino Kale| 14 lbs/cs
MQC10|Mei Qing Choi 10 lbs/cs|818181022649|Mei Qing Choi| 10 lbs/cs
MQC20|Mei Qing Choi 20 lbs/cs|818181022656|Mei Qing Choi| 20 lbs/cs
MQC24|Mei Qing Choi 24 bu/cs|818181022663|Mei Qing Choi| 24 bu/cs
MQC30|Mei Qing Choi 30 lbs/cs|818181022670|Mei Qing Choi| 30 lbs/cs
MXBK3|Mixed Baby Kale 3 lbs/cs|818181022687|Mixed Baby Kale| 3 lbs/cs
RACH12|Rainbow Chard 12 bu/cs|818181022694|Rainbow Chard| 12 bu/cs
RACH24|Rainbow Chard 24 bu/cs|818181022700|Rainbow Chard| 24 bu/cs
RAP10|Rapini 10 lbs/cs|818181022717|Rapini| 10 lbs/cs
RAP12|Rapini 12 bu/cs|818181022724|Rapini| 12 bu/cs
RAP24|Rapini 24 bu/cs|818181022731|Rapini| 24 bu/cs
RBK12|Redbor Kale 12 bu/cs|818181022748|Redbor Kale| 12 bu/cs
RBK18|Red Bor Kale 18 lbs/cs|818181022755|Red Bor Kale| 18 lbs/cs
RBK24|Redbor Kale 24 bu/cs|818181022762|Redbor Kale| 24 bu/cs
RCH12|Red Chard 12 bu/cs|818181022779|Red Chard| 12 bu/cs
RCH24|Red Chard 24 bu/cs|818181022786|Red Chard| 24 bu/cs
RDAN12|Red Dandelion 12 bu/cs|818181022793|Red Dandelion| 12 bu/cs
RDAN24|Red Dandelion 24 bu/cs|818181022809|Red Dandelion| 24 bu/cs
RM12|Red Mustard Greens 12 bu/cs|818181022816|Red Mustard Greens| 12 bu/cs
RM24|Red Mustard Greens 24 bu/cs|818181022823|Red Mustard Greens| 24 bu/cs
RRK12|Red Russian Kale 12 bu/cs|818181022830|Red Russian Kale| 12 bu/cs
RRK18|Red Russian Kale 18 lbs/cs|818181022847|Red Russian Kale| 18 lbs/cs
RRK24|Red Russian Kale 24 bu/cs|818181022854|Red Russian Kale| 24 bu/cs
SP24|Spinach 24 bu/cs|818181022861|Spinach| 24 bu/cs
SP3|Savoy Spinach 3 lbs/cs|818181022878|Savoy Spinach| 3 lbs/cs
SP4|Savoy Spinach 4 lbs/cs|818181022885|Savoy Spinach| 4 lbs/cs
SP6|Savoy Spinach 6 lbs/cs|818181022892|Savoy Spinach| 6 lbs/cs
SP8|Savoy Spinach 8 lbs/cs|818181022908|Savoy Spinach| 8 lbs/cs
TAT3|Tatsoi 3 lbs/ cs|818181022915|Tatsoi| 3 lbs/ cs
BAS1|Genovese Basil 1 lb/cs|818181022922|Genovese Basil| 1 lb/cs
BAS24|Genovese Basil 24 bu/cs|818181022939|Genovese Basil| 24 bu/cs
BAS36|Genovese Basil 36 bu/cs|818181022946|Genovese Basil| 36 bu/cs
BAS48|Genovese Basil 48 bu/cs|818181022953|Genovese Basil| 48 bu/cs
CHAM|Chamomille 12 bu/cs|818181022960|Chamomille| 12 bu/cs
CHIV|Chives 12 bu/cs|818181022977|Chives| 12 bu/cs
CHIVB|Chives with Blossoms 12 bu/cs|818181022984|Chives with Blossoms| 12 bu/cs
CIL12|Cilantro 12 bu/cs|818181022991|Cilantro| 12 bu/cs
CIL24|Cilantro 24 bu/cs|818181023004|Cilantro| 24 bu/cs
CIL30|Cilantro 30 bu/cs|818181023011|Cilantro| 30 bu/cs
COR24|Coriander 24 bu/cs|818181023028|Coriander| 24 bu/cs
MXH|Mixed Herbs 12 bu/cs|818181023042|Mixed Herbs| 12 bu/cs
OREG|Oregano 12 bu/cs|818181023059|Oregano| 12 bu/cs
OREG1|Oregano 1lb/cs|818181023066|Oregano| 1lb/cs
PAR10|Italian Parsley 10 lb/cs|818181023073|Italian Parsley| 10 lb/cs
PAR12|Italian Parsley 12 bu/cs|818181023080|Italian Parsley| 12 bu/cs
PAR30|Italian Parsley 30 bu/cs|818181023097|Italian Parsley| 30 bu/cs
RSM|Rosemary 12 bu/cs|818181023103|Rosemary| 12 bu/cs
SAGE|Sage 12 bu/cs|818181023110|Sage| 12 bu/cs
THYME|Thyme 12 bu/cs|818181023127|Thyme| 12 bu/cs
CAYP10|Cayenne Peppers 10 lbs/cs|818181023134|Cayenne Peppers| 10 lbs/cs
CAYP5|Cayenne Peppers 5 lbs/cs|818181023141|Cayenne Peppers| 5 lbs/cs
FRP10|Fresno Peppers 10 lbs/cs|818181023158|Fresno Peppers| 10 lbs/cs
HABP5|Habanero Peppers 5 lbs/cs|818181023165|Habanero Peppers| 5 lbs/cs
HPP10|Hot Pepper Panache 10 lbs/cs|818181023172|Hot Pepper Panache| 10 lbs/cs
HPP5|Hot Pepper Panache 5 lbs/cs|818181023189|Hot Pepper Panache| 5 lbs/cs
JALP10|Jalapeño Peppers 10 lbs/cs|818181023196|Jalapeño Peppers| 10 lbs/cs
JALP5|Jalapeño Peppers 5 lbs/cs|818181023202|Jalapeño Peppers| 5 lbs/cs
LRHP10|Long Red Hot Peppers 10 lbs/cs|818181023219|Long Red Hot Peppers| 10 lbs/cs
MXHP10|Mixed Hot Peppers 10 lbs/cs|818181023226|Mixed Hot Peppers| 10 lbs/cs
MXHP5|Mixed Hot Peppers 5 lbs/cs|818181023233|Mixed Hot Peppers| 5 lbs/cs
NMP5|New Mexico Peppers 5 lbs/cs|818181023240|New Mexico Peppers| 5 lbs/cs
PDP10|Pimento de Padrón 10 lbs/cs|818181023257|Pimento de Padrón| 10 lbs/cs
PDP12|Pimento de Padrón 12 pt/cs|818181023264|Pimento de Padrón| 12 pt/cs
PDP5|Pimento de Padrón 5 lbs/cs|818181023271|Pimento de Padrón| 5 lbs/cs
POP10|Poblano Peppers 10 lbs/cs|818181023288|Poblano Peppers| 10 lbs/cs
PPDP12|Pimento de Padrón Picoso 12 pt/cs|818181023295|Pimento de Padrón Picoso| 12 pt/cs
PPDP5|Pimento de Padrón Picoso 5 lbs/cs|818181023301|Pimento de Padrón Picoso| 5 lbs/cs
RJALP10|Red Jalapeño Peppers 10 lbs/cs|818181023318|Red Jalapeño Peppers| 10 lbs/cs
RJALP5|Red Jalapeño Peppers 5 lbs/cs|818181023325|Red Jalapeño Peppers| 5 lbs/cs
RSERP10|Red Serrano Pepper 10 lbs/cs|818181023332|Red Serrano Pepper| 10 lbs/cs
SDCAYP24|Sun-Dried Cayenne Peppers 24 1-oz bags/cs|818181023349|Sun-Dried Cayenne Peppers| 24 1-oz bags/cs
SDCAYPUNIT|Sun-Dried Cayenne Peppers by the pound|818181023356|Sun-Dried Cayenne Peppers| by the pound
SDHPUNIT|Sun-Dried Hot Peppers by the pound|818181023363|Sun-Dried Hot Peppers| by the pound
SDTHP24|Sun-Dried Thai Pepper 24 1-oz bags/cs|818181023370|Sun-Dried Thai Pepper| 24 1-oz bags/cs
SDTHPUNIT|Sun-Dried Thai Pepper by the pound|818181023387|Sun-Dried Thai Pepper| by the pound
SERP5|Serrano Pepper 5 lbs/cs|818181023394|Serrano Pepper| 5 lbs/cs
THP10|Thai Peppers 10 lbs/cs|818181023400|Thai Peppers| 10 lbs/cs
THP5|Thai Peppers 5 lbs/cs|818181023417|Thai Peppers| 5 lbs/cs
BL12|Baby Leeks 12 bu/cs|818181023424|Baby Leeks| 12 bu/cs
BL24|Baby Leeks 24 bu/cs|818181023431|Baby Leeks| 24 bu/cs
KRL10|King Richard Leeks 10 lbs/cs|818181023448|King Richard Leeks| 10 lbs/cs
KRL12|King Richard Leeks 12 bu/cs|818181023455|King Richard Leeks| 12 bu/cs
KRL20|King Richard Leeks 20 lb/cs|818181023462|King Richard Leeks| 20 lb/cs
L12|Leeks 12 bu/cs|818181023479|Leeks| 12 bu/cs
L20|Leeks 20 lbs/cs|818181023486|Leeks| 20 lbs/cs
L24|Leeks 24 bu/cs|818181023493|Leeks| 24 bu/cs
BATL24|Batavia Lettuce 24 ct/cs|818181023509|Batavia Lettuce| 24 ct/cs
BROM10|Baby Romaine Lettuce 10 lbs/cs|818181023516|Baby Romaine Lettuce| 10 lbs/cs
BRROM10|Baby Red Romaine Lettuce 10 lbs/cs|818181023523|Baby Red Romaine Lettuce| 10 lbs/cs
BRROM24|Baby Red Romaine Lettuce 24 ct/cs|818181023530|Baby Red Romaine Lettuce| 24 ct/cs
BRROM5|Baby Red Romaine Lettuce 5 lbs/cs|818181023547|Baby Red Romaine Lettuce| 5 lbs/cs
IBL20|Iceberg Lettuce 20 lbs/cs|818181023554|Iceberg Lettuce| 20 lbs/cs
IBL24|Iceberg Lettuce 24 ct/cs|818181023561|Iceberg Lettuce| 24 ct/cs
LG10|Little Gem Lettuce 10 lbs/cs|818181023585|Little Gem Lettuce| 10 lbs/cs
LG24|Little Gem Lettuce 24 ct/cs|818181023592|Little Gem Lettuce| 24 ct/cs
LG5|Little Gem Lettuce 5 lbs/cs|818181023608|Little Gem Lettuce| 5 lbs/cs
MXBL24|Mixed Baby Lettuce 24 ct/cs|818181023615|Mixed Baby Lettuce| 24 ct/cs
MXBROM10|Mixed Baby Romaine Lettuce 10 lbs/cs|818181023622|Mixed Baby Romaine Lettuce| 10 lbs/cs
MXBROM3|Mixed Baby Romaine Lettuce 3 lbs/cs|818181023639|Mixed Baby Romaine Lettuce| 3 lbs/cs
MXL24|Mixed Lettuce 24 ct/cs|818181023646|Mixed Lettuce| 24 ct/cs
MXROM10|Mixed Romaine Lettuce 10 lbs/cs|818181023653|Mixed Romaine Lettuce| 10 lbs/cs
MXTL24|Mixed Teenage Lettuce 24 ct/cs|818181023660|Mixed Teenage Lettuce| 24 ct/cs
ROM24|Romaine Lettuce 24 ct/cs|818181023677|Romaine Lettuce| 24 ct/cs
ROMH10|Romaine Hearts 10 lbs/cs|818181023684|Romaine Hearts| 10 lbs/cs
RROM24|Red Romaine Lettuce 24 ct/cs|818181023691|Red Romaine Lettuce| 24 ct/cs
2MXM30|Choice Mixed Melons 30 lbs/cs|818181023745|Choice Mixed Melons| 30 lbs/cs
AMBM30|Ambrosia Melons 30 lbs/cs|818181023752|Ambrosia Melons| 30 lbs/cs
CAN12|Cantaloupe 12 ct/cs|818181023769|Cantaloupe| 12 ct/cs
CAN15|Cantaloupe 15 ct/cs|818181023776|Cantaloupe| 15 ct/cs
CAN18|Cantaloupe 18 ct/cs|818181023783|Cantaloupe| 18 ct/cs
CAN30|Cantaloupe 30 lbs/cs|818181023790|Cantaloupe| 30 lbs/cs
CAN700|Cantaloupe 700 lbs/cs|818181023806|Cantaloupe| 700 lbs/cs
CAN9|Cantaloupe 9 ct/cs|818181023813|Cantaloupe| 9 ct/cs
Canunit|Cantaloupe by the piece|818181023820|Cantaloupe| by the piece
CHLNM30|Charlyn Melons 30 lbs/cs|818181023837|Charlyn Melons| 30 lbs/cs
CHLNM700|Charlyn Melons 700 lbs/cs|818181023844|Charlyn Melons| 700 lbs/cs
CHLNMUNIT|Charlyn Melon By the Piece|818181023851|Charlyn Melon| By the Piece
CHTSM18|Charentais Melons 18 lbs/cs|818181023868|Charentais Melons| 18 lbs/cs
CHTSM20|Charentais Melons 20 lbs/cs|818181023875|Charentais Melons| 20 lbs/cs
CHTSM30|Charentais Melons 30 lbs/cs|818181023882|Charentais Melons| 30 lbs/cs
CHTSM35|Charentais Melons 35 lbs/cs|818181023899|Charentais Melons| 35 lbs/cs
CHTSMUNIT|Charentais Melons by the piece|818181023905|Charentais Melons| by the piece
CRENM30|Crenshaw Melons 30 lbs/cs|818181023912|Crenshaw Melons| 30 lbs/cs
CRENMUNIT|Crenshaw Melons by the piece|818181023929|Crenshaw Melons| by the piece
GALM30|Galia Melons 30 lbs/cs|818181023936|Galia Melons| 30 lbs/cs
GALM680|Galia Melons 680 lbs/bin|818181023943|Galia Melons| 680 lbs/bin
MUSM12|Muskmelons 12 ct/cs|818181023950|Muskmelons| 12 ct/cs
MUSM15|Muskmelons 15 ct/cs|818181023967|Muskmelons| 15 ct/cs
MUSM30|Muskmelons 30 ct/cs|818181023974|Muskmelons| 30 ct/cs
MUSM800|Muskmelons 800 lbs/cs|818181023981|Muskmelons| 800 lbs/cs
MUSMUNIT|Muskmelons by the piece|818181023998|Muskmelons| by the piece
MXM30|Mixed Melons 30 lbs/cs|818181024001|Mixed Melons| 30 lbs/cs
OHDM30|Orange Honeydew Melons 30 lbs/cs|818181024018|Orange Honeydew Melons| 30 lbs/cs
OHDM680|Orange Honeydew Melons 680 lbs/bin|818181024025|Orange Honeydew Melons| 680 lbs/bin
OHDMUNIT|Orange Honeydew Melons by the piece|818181024032|Orange Honeydew Melons| by the piece
SENM30|Sensation Melons 30 lbs/cs|818181024049|Sensation Melons| 30 lbs/cs
SENMUNIT|Sensation Melon by the Piece|818181024056|Sensation Melon| by the Piece
TUSM30|Tuscan Melons 30 lbs/cs|818181024063|Tuscan Melons| 30 lbs/cs
YCM30|Yellow Canary Melons 30 lbs/cs|818181024070|Yellow Canary Melons| 30 lbs/cs
YCMUNIT|Yellow Canary Melons by the piece|818181024087|Yellow Canary Melons| by the piece
#VALUE!|Nopales 10lbs/cs.|818181024094|Nopales| 10lbs/cs.
ALM10|Almonds 10 lbs/cs|818181024100|Almonds| 10 lbs/cs
ALM25|Almonds 25 lbs/cs|818181024117|Almonds| 25 lbs/cs
ALM5|Almonds 5 lbs/bag|818181024131|Almonds| 5 lbs/bag
GALMUNIT|Green Almonds by the pound|818181024155|Green Almonds| by the pound
GWAL25|Green Walnuts 25 lbs/cs|818181024162|Green Walnuts| 25 lbs/cs
WAL10|Walnuts 10 lbs/cs|818181024179|Walnuts| 10 lbs/cs
WAL25|Walnuts 25 lbs/cs|818181024186|Walnuts| 25 lbs/cs
2RO25|Choice Red Onions 25 lbs/cs|818181024193|Choice Red Onions| 25 lbs/cs
2RO40|Choice Red Onions 40 lbs/cs|818181024209|Choice Red Onions| 40 lbs/cs
2YO40|Choice Yellow Onions 40 lbs/cs|818181024216|Choice Yellow Onions| 40 lbs/cs
FRO10|Fresh Red Onions 10 lbs/cs|818181024223|Fresh Red Onions| 10 lbs/cs
FRO25|Fresh Red Onions 25 lbs/cs|818181024230|Fresh Red Onions| 25 lbs/cs
FRO40|Fresh Red Onions 40 lbs/cs|818181024247|Fresh Red Onions| 40 lbs/cs
FRTO10|Fresh Red Torpedo Onions 10 lbs/cs|818181024254|Fresh Red Torpedo Onions| 10 lbs/cs
FRTO20|Fresh Red Torpedo Onions 20 lbs/cs|818181024261|Fresh Red Torpedo Onions| 20 lbs/cs
FRTO24|Fresh Red Torpedo Onions 24 bu/cs|818181024278|Fresh Red Torpedo Onions| 24 bu/cs
FRTO25|Fresh Red Torpedo Onion 25lbs/cs|818181024285|Fresh Red Torpedo Onion| 25lbs/cs
FYO25|Fresh Yellow Onions 25 lbs/cs|818181024292|Fresh Yellow Onions| 25 lbs/cs
FYO40|Fresh Yellow Onions 40 lbs/cs|818181024308|Fresh Yellow Onions| 40 lbs/cs
FYSWO10|Fresh Yolo Sweet Onions 10 lbs/cs|818181024315|Fresh Yolo Sweet Onions| 10 lbs/cs
FYSWO25|Fresh Yolo Sweet Onions 25 lbs/cs|818181024322|Fresh Yolo Sweet Onions| 25 lbs/cs
LRO40|Large Red Onions 40 lbs/cs|818181024339|Large Red Onions| 40 lbs/cs
MXSO10|Mixed Spring Onions 10 lb/cs|818181024346|Mixed Spring Onions| 10 lb/cs
MXSO24|Mixed Springs Onions 24 bu/cs|818181024353|Mixed Springs Onions| 24 bu/cs
RO25|Red Onions 25 lbs/cs|818181024360|Red Onions| 25 lbs/cs
RO40|Red Onions 40 lbs/cs|818181024377|Red Onions| 40 lbs/cs
RSO10|Red Spring Onions 10 lbs/cs|818181024384|Red Spring Onions| 10 lbs/cs
RSO12|Red Spring Onions 12 bu/cs|818181024391|Red Spring Onions| 12 bu/cs
RSO20|Red Spring Onions 20 lbs/cs|818181024407|Red Spring Onions| 20 lbs/cs
RSO24|Red Spring Onions 24 bu/cs|818181024414|Red Spring Onions| 24 bu/cs
RSO5|Red Spring Onions 5 lbs/cs|818181024421|Red Spring Onions| 5 lbs/cs
RTO10|Red Torpedo Onions 10 lbs/cs|818181024438|Red Torpedo Onions| 10 lbs/cs
RTO20|Red Torpedo Onions 20 lbs/cs|818181024445|Red Torpedo Onions| 20 lbs/cs
RTO24|Red Torpedo Onions 24 bu/cs|818181024452|Red Torpedo Onions| 24 bu/cs
RTO25|Red Torpedo Onions 25 lbs/cs|818181024469|Red Torpedo Onions| 25 lbs/cs
RTO40|Red Torpedo Onions 40 lbs/cs|818181024476|Red Torpedo Onions| 40 lbs/cs
RTSO10|Red Torpedo Spring Onions 10 lbs/cs|818181024483|Red Torpedo Spring Onions| 10 lbs/cs
RTSO12|Red Torpedo Spring Onions 12 bu/cs|818181024490|Red Torpedo Spring Onions| 12 bu/cs
RTSO20|Red Torpedo Spring Onions 20 lbs/cs|818181024506|Red Torpedo Spring Onions| 20 lbs/cs
RTSO24|Red Torpedo Spring Onions 24 bu/cs|818181024513|Red Torpedo Spring Onions| 24 bu/cs
WHSO10|White Spring Onions 10 lbs/cs|818181024520|White Spring Onions| 10 lbs/cs
WHSO12|White Spring Onions 12 bu/cs|818181024537|White Spring Onions| 12 bu/cs
WHSO20|White Spring Onions 20 lbs/cs|818181024544|White Spring Onions| 20 lbs/cs
WHSO24|White Spring Onions 24 bu/cs|818181024551|White Spring Onions| 24 bu/cs
WHSO5|White Spring Onions 5 lbs/cs|818181024568|White Spring Onions| 5 lbs/cs
YO25|Yellow Onions 25 lbs/cs|818181024575|Yellow Onions| 25 lbs/cs
YO40|Yellow Onions 40 lbs/cs|818181024582|Yellow Onions| 40 lbs/cs
YO45|Yellow Onions 45 lbs/cs|818181024599|Yellow Onions| 45 lbs/cs
YO900|Yellow Onions 900 lbs/bin|818181024605|Yellow Onions| 900 lbs/bin
YSWO10|Yolo Sweet Onions 10 lbs/cs|818181024612|Yolo Sweet Onions| 10 lbs/cs
YSWO20|Yolo Sweet Onions 20 lbs/cs|818181024629|Yolo Sweet Onions| 20 lbs/cs
YSWO25|Yolo Sweet Onions 25 lbs/cs|818181024636|Yolo Sweet Onions| 25 lbs/cs
YSWO40|Yolo Sweet Onions 40 lbs/cs|818181024643|Yolo Sweet Onions| 40 lbs/cs
ESP10|English Shelling Peas 10 lbs/cs|818181024650|English Shelling Peas| 10 lbs/cs
ESP15|English Shelling Peas 15 lbs/cs|818181024667|English Shelling Peas| 15 lbs/cs
ESP20|English Shelling Peas 20 lbs/cs|818181024674|English Shelling Peas| 20 lbs/cs
ESP25|English Shelling Peas 25 lbs/cs|818181024681|English Shelling Peas| 25 lbs/cs
ESP28|English Shelling Peas 28 lbs/cs|818181024698|English Shelling Peas| 28 lbs/cs
ESP30|English Shelling Peas 30 lbs/cs|818181024704|English Shelling Peas| 30 lbs/cs
SNOWP10|Snow Peas 10 lbs/cs|818181024711|Snow Peas| 10 lbs/cs
SSP10|Sugar Snap Peas 10 lbs/cs|818181024728|Sugar Snap Peas| 10 lbs/cs
SSP20|Sugar Snap Peas 20 lbs/cs|818181024735|Sugar Snap Peas| 20 lbs/cs
SSP25|Sugar Snap Peas 25 lbs/cs|818181024742|Sugar Snap Peas| 25 lbs/cs
2FF25|Choice French Fingerling Potatoes 25lbs/cs|818181024759|Choice French Fingerling Potatoes| 25lbs/cs
ABP10|All Blue Potatoes 10 lbs/cs|818181024766|All Blue Potatoes| 10 lbs/cs
ABP25|All Blue Potatoes 25 lbs/cs|818181024773|All Blue Potatoes| 25 lbs/cs
FF10|French Fingerling Potatoes 10 lbs/cs|818181024803|French Fingerling Potatoes| 10 lbs/cs
FF20|French Fingerling Potatoes 20 lbs/cs|818181024810|French Fingerling Potatoes| 20 lbs/cs
FF25|French Fingerling Potatoes 25 lbs/cs|818181024827|French Fingerling Potatoes| 25 lbs/cs
FF50|French Fingerling Potatoes 50 lbs/cs|818181024834|French Fingerling Potatoes| 50 lbs/cs
FFC10|French Fingerling Potatoes Size C|818181024841|French Fingerling Potatoes, C| 10 lbs/cs
GBBA25|German Butterball Potatoes Size A|818181024858|German Butterball Potatoes, A| 25 lbs/cs
GBBA50|German Butterball Potatoes Size A|818181024865|German Butterball Potatoes, A| 50 lbs/cs
GBBB10|German Butterball Potatoes Size B|818181024872|German Butterball Potatoes, B| 10 lbs/cs
GBBB25|German Butterball Potatoes Size B|818181024889|German Butterball Potatoes, B| 25 lbs/cs
GBBB50|German Butterball Potatoes Size B|818181024896|German Butterball Potatoes, B| 50 lbs/cs
GBBC10|German Butterball Potatoes Size C|818181024902|German Butterball Potatoes, C| 10 lbs/cs
GBBC25|German Butterball Potatoes Size C|818181024919|German Butterball Potatoes, C| 25 lbs/cs
GBBC50|German Butterball Potatoes Size C|818181024926|German Butterball Potatoes, C| 50 lbs/cs
MR10|Mountain Rose Potatoes 10 lbs/cs|818181024940|Mountain Rose Potatoes| 10 lbs/cs
MRA25|Mountain Rose Potatoes Size A|818181024957|Mountain Rose Potatoes, A| 25 lbs/cs
MRB25|Mountain Rose Potatoes Size B|818181024964|Mountain Rose Potatoes, B| 25 lbs/cs
MRB50|Mountain Rose Potatoes Size B|818181024971|Mountain Rose Potatoes, B| 50 lbs/cs
MRC25|Mountain Rose Potatoes Size C|818181024988|Mountain Rose Potatoes, C| 25 lbs/cs
MXM10|Mixed Marble Potatoes 10 lbs/cs|818181024995|Mixed Marble Potatoes| 10 lbs/cs
MXM25|Mixed Marble Potatoes 25 lbs/cs|818181025008|Mixed Marble Potatoes| 25 lbs/cs
PM10|Purple Majesty Potatoes 10 lbs/cs|818181025060|Purple Majesty Potatoes| 10 lbs/cs
PM25|Purple Majesty Potatoes 25 lbs/cs|818181025077|Purple Majesty Potatoes| 25 lbs/cs
PM50|Purple Majesty Potatoes 50 lbs/cs|818181025084|Purple Majesty Potatoes| 50 lbs/cs
PMC10|Purple Majesty Potatoes Size C|818181025091|Purple Majesty Potatoes, C| 10 lbs/cs
PMC25|Purple Majesty Potatoes Size C|818181025107|Purple Majesty Potatoes, C| 25 lbs/cs
RBF10|Russian Banana Fingerling Potatoes 10 lbs/cs|818181025114|Russian Banana Fingerling Potatoes| 10 lbs/cs
RBF20|Russian Banana Fingerling Potatoes 20 lbs/cs|818181025121|Russian Banana Fingerling Potatoes| 20 lbs/cs
RBF25|Russian Banana Fingerling Potatoes 25 lbs/cs|818181025138|Russian Banana Fingerling Potatoes| 25 lbs/cs
RBF50|Russian Banana Fingerling Potatoes 50 lbs/cs|818181025145|Russian Banana Fingerling Potatoes| 50 lbs/cs
RBFC10|Russian Banana Fingerling Potatoes Size C|818181025152|Russian Banana Fingerling Potatoes, C| 10 lbs/cs
RBFC25|Russian Banana Fingerling Potatoes Size C|818181025169|Russian Banana Fingerling Potatoes, C| 25 lbs/cs
RBFC50|Russian Banana Fingerling Potatoes Size C|818181025176|Russian Banana Fingerling Potatoes, C| 50 lbs/cs
YFA10|Yello Finn Potatoes A 10lbs/cs|818181025251|Yello Finn Potatoes A| 10lbs/cs
YFA25|Yellow Finn Potatoes Size A|818181025268|Yello Finn Potatoes A| 25 lbs/cs
YFA50|Yellow Finn Potatoes Size A|818181025275|Yello Finn Potatoes A| 50 lbs/cs
YFB10|Yellow Finn Potatoes Size B|818181025282|Yello Finn Potatoes B| 10 lbs/cs
YFB25|Yellow Finn Potatoes Size B|818181025299|Yello Finn Potatoes B| 25 lbs/cs
YFB50|Yellow Finn Potatoes Size B|818181025305|Yello Finn Potatoes B| 50 lbs/cs
YFC10|Yellow Finn Potatoes Size C|818181025312|Yello Finn Potatoes C| 10 lbs/cs
YFC25|Yellow Finn Potatoes Size C|818181025329|Yello Finn Potatoes C| 25 lbs/cs
YFC50|Yellow Finn Potatoes Size C|818181025336|Yello Finn Potatoes C| 50 lbs/cs
YG25|Yukon Gold Potatoes 25 lbs/cs|818181025367|Yukon Gold Potatoes| 25 lbs/cs
YGA10|Yukon Gold Potatoes 10 lbs/cs|818181025374|Yukon Gold Potatoes| 10 lbs/cs
ARURAB10|Arugula Rabe 10 lbs/cs|818181025381|Arugula Rabe| 10 lbs/cs
ARURAB2X5|Arugula Rabe 2 X 5-lb bags/cs|818181025398|Arugula Rabe| 2 X 5-lb bags/cs
ARURAB5|Arugula Rabe 5 lbs/cs|818181025404|Arugula Rabe| 5 lbs/cs
ARURAB5X1|Arugula Rabe 5 X 1-lb bags|818181025411|Arugula Rabe| 5 X 1-lb bags
BCR5X1|Bok Choi Rabe 5 X 1-lb bags|818181025428|Bok Choi Rabe| 5 X 1-lb bags
BOCRAB10|Bok Choi Rabe 10lbs/cs|818181025435|Bok Choi Rabe| 10lbs/cs
BOCRAB5x1|Boc Choi Rabe 5 x 1-lb bags|818181025442|Boc Choi Rabe| 5 x 1-lb bags
BRCRAB10|Baby Red Choy Rabe 10 lbs/cs|818181025459|Baby Red Choy Rabe| 10 lbs/cs
DKRAB10|Dino Kale Rabe 10 lbs/cs|818181025466|Dino Kale Rabe| 10 lbs/cs
DKRAB5X1|Dino Kale Rabe 5 X 1-lb bags|818181025473|Dino Kale Rabe| 5 X 1-lb bags
MQCRAB10|Mei Qing Choi Rabe 10 lbs/cs|818181025480|Mei Qing Choi Rabe| 10 lbs/cs
MQCRAB2X5|Mei Qing Choi Rabe 2 X 5-lb bags/cs|818181025497|Mei Qing Choi Rabe| 2 X 5-lb bags/cs
MQCRAB5X1|Mei Qing Choi Rabe 5 X 1-lb bags|818181025503|Mei Qing Choi Rabe| 5 X 1-lb bags
NCRAB10|Nappa Cabbage Rabe 10 lbs/cs|818181025510|Nappa Cabbage Rabe| 10 lbs/cs
NCRAB2X5|Nappa Cabbage Rabe 2 X 5lbs bags/cs|818181025527|Nappa Cabbage Rabe| 2 X 5lbs bags/cs
NCRAB5|Nappa Cabbage Rabe 5 lbs/cs|818181025534|Nappa Cabbage Rabe| 5 lbs/cs
NCRAB5X1|Nappa Cabbage Rabe 5 X 1-lb bags|818181025541|Nappa Cabbage Rabe| 5 X 1-lb bags
RCRAB|Red Cabbage Rabe 10 lbs/cs|818181025565|Red Cabbage Rabe| 10 lbs/cs
RCRAB5X1|Red Cabbage Rabe 5 X 1-lb bags|818181025572|Red Cabbage Rabe| 5 X 1-lb bags
SQTRAB10|Scarlet Queen Turnip Rabe 10 lbs/cs|818181025589|Scarlet Queen Turnip Rabe| 10 lbs/cs
TATRAB10|Tat Soi Rabe 10 lbs/cs|818181025596|Tat Soi Rabe| 10 lbs/cs
BSR10|Black Spanish Radishes 10 lbs/bag|818181025602|Black Spanish Radishes| 10 lbs/bag
BSR25|Black Spanish Radishes 25 lbs/cs|818181025619|Black Spanish Radishes| 25 lbs/cs
BSRUNIT|Black Spanish Radishes by the piece|818181025626|Black Spanish Radishes| by the piece
DTR10|Dragon Tongue Radishes 10 lbs/cs|818181025633|Dragon Tongue Radishes| 10 lbs/cs
DTR12|Dragon Tongue Radishes 12 bu/cs|818181025640|Dragon Tongue Radishes| 12 bu/cs
DTR24|Dragon Tongue Radishes 24 bu/cs|818181025657|Dragon Tongue Radishes| 24 bu/cs
DTR25|Dragon Tongue Radishes 25 lbs/cs|818181025664|Dragon Tongue Radishes| 25 lbs/cs
FBFR12|French Breakfast Radishes 12 bu/cs|818181025671|French Breakfast Radishes| 12 bu/cs
FBFR24|French Breakfast Radishes 24 bu/cs|818181025688|French Breakfast Radishes| 24 bu/cs
FRAD24|Fakir Radish 24 bu / cs|818181025695|Fakir Radish| 24 bu / cs
MXRAD24|Mix Radishes 24 bu/cs|818181025701|Mix Radishes| 24 bu/cs
PD10|Purple Daikon 10 lbs/cs|818181025718|Purple Daikon| 10 lbs/cs
PD25|Purple Daikon 25 lbs/bag|818181025725|Purple Daikon| 25 lbs/bag
RRAD24|Red Radishes 24 bu/cs|818181025732|Red Radishes| 24 bu/cs
WHD10|White Daikon 10 lbs/bag|818181025749|White Daikon| 10 lbs/bag
WHD20|White Daikon 20 lbs/cs|818181025756|White Daikon| 20 lbs/cs
WHD24|White Daikon 24 bu/cs|818181025763|White Daikon| 24 bu/cs
WHD25|White Daikon 25 lbs/cs|818181025770|White Daikon| 25 lbs/cs
WHDT35|White Daikon with Tops 35 lbs/cs|818181025787|White Daikon with Tops| 35 lbs/cs
WMD10|Watermelon Daikon 10 lbs/cs|818181025794|Watermelon Daikon| 10 lbs/cs
WMD12|Watermelon Daikon 12 bu/cs|818181025800|Watermelon Daikon| 12 bu/cs
WMD24|Watermelon Daikon 24 bu/cs|818181025817|Watermelon Daikon| 24 bu/cs
WMD25|Watermelon Daikon 25 lbs/cs|818181025824|Watermelon Daikon| 25 lbs/cs
WMDT35|Watermelon Daikon with Tops 35 lbs/cs|818181025831|Watermelon Daikon with Tops| 35 lbs/cs
#VALUE!|Rutabagas 10 lbs/bag|818181025848|Rutabagas| 10 lbs/bag
#VALUE!|Rutabagas 25 lbs/bag|818181025855|Rutabagas| 25 lbs/bag
2FTP10|Choice Fair Time Peaches 10 lbs/cs|818181025862|Choice Fair Time Peaches| 10 lbs/cs
2RBAP10|Choice Royal Blenheim Apricots 10lbs/cs.|818181025879|Choice Royal Blenheim Apricots| 10lbs/cs.
AP12|Loose-Pack Apricots 12 lbs/cs|818181025886|Loose-Pack Apricots| 12 lbs/cs
ASWN10|Arctic Sweet Nectarines 10 lbs/cs|818181025893|Arctic Sweet Nectarines| 10 lbs/cs
ASWP10|Arctic Sweet Peach 10lbs/cs|818181025909|Arctic Sweet Peach| 10lbs/cs
DDPLUO10|Dapple Dandy Pluots 10 lbs/cs|818181025916|Dapple Dandy Pluots| 10 lbs/cs
FTP10|Fairtime Peach 10 lbs/cs|818181025923|Fairtime Peach| 10 lbs/cs
FTP2|Fair Time Peach 2 Layer|818181025930|Fair Time Peach| 2 Layer
JPP10|June Pride Peach 10 lbs|818181025947|June Pride Peach| 10 lbs
RBAP10|Royal Blenheim Apricots 10 lbs/cs|818181025954|Royal Blenheim Apricots| 10 lbs/cs
RBAP12|Royal Blenheim Apricot 12pts/cs|818181025961|Royal Blenheim Apricot| 12pts/cs
RBAP18|Royal Blenheim Apricots 18 lbs/cs|818181025978|Royal Blenheim Apricots| 18 lbs/cs
RBAP8|Royal Blenheim Apricots 8 lbs/cs|818181025985|Royal Blenheim Apricots| 8 lbs/cs
SRPL10|Santa Rosa Plums 10 lbs/cs|818181025992|Santa Rosa Plums| 10 lbs/cs
WHPE1|White Peaches 1 layer/cs|818181026005|White Peaches| 1 layer/cs
WHPE2|White Peaches 2 layers/cs|818181026012|White Peaches| 2 layers/cs
YFP10|Yellow Flesh Peach 10 lbs/cs|818181026029|Yellow Flesh Peach| 10 lbs/cs
2GZSQ22|Choice Green Zuchini 22 lb/cs|818181026036|Choice Green Zuchini| 22 lb/cs
2MXSQ22|Choice Mixed Summer Squash 22 lbs/cs|818181026043|Choice Mixed Summer Squash| 22 lbs/cs
CRSQ22|Extra Fancy Costata Romanesco Zucchini 22 lbs/cs|818181026050|Extra Fancy Costata Romanesco Zucchini| 22 lbs/cs
EBSQ22|Extra Fancy Eightball Summer Squash 22 lbs/cs|818181026067|Extra Fancy Eightball Summer Squash| 22 lbs/cs
FSSQ22|Extra Fancy Flying Saucer Squash 22 lb/cs|818181026074|Extra Fancy Flying Saucer Squash| 22 lb/cs
GZSQ22|Extra Fancy Green Zucchini 22 lbs/cs|818181026081|Extra Fancy Green Zucchini| 22 lbs/cs
MXSQ12|Mixed Summer Squash Extra Fancy 12 lb / cs|818181026098|Mixed Summer Squash Extra Fancy| 12 lb / cs
MXSQ22|Extra Fancy Mixed Summer Squash 22 lbs/cs|818181026104|Extra Fancy Mixed Summer Squash| 22 lbs/cs
PPSBSQ22|Extra Fancy Mixed Patty Pan & Sunburst 22lbs/cs|818181026111|Extra Fancy Mixed Patty Pan & Sunburst| 22lbs/cs
PPSQ22|Extra Fancy Patty Pan Summer Squash 22 lbs/cs|818181026128|Extra Fancy Patty Pan Summer Squash| 22 lbs/cs
RDNSQ22|Extra Fancy Ronde de Nice Summer Squash 22 lbs/cs|818181026135|Extra Fancy Ronde de Nice Summer Squash| 22 lbs/cs
SBSQ22|Extra Fancy Sunburst Summer Squash 22 lbs/cs|818181026142|Extra Fancy Sunburst Summer Squash| 22 lbs/cs
TSQ22|Tromboncino Squash 22lb/cs|818181026159|Tromboncino Squash| 22lb/cs
YCNSQ22|Extra Fancy Crookneck Summer Squash 22 lbs/cs|818181026166|Extra Fancy Crookneck Summer Squash| 22 lbs/cs
YZSQ22|Extra Fancy Yellow Zucchini 22 lbs/cs|818181026173|Extra Fancy Yellow Zucchini| 22 lbs/cs
ZSQ22|Extra Fancy Zephyr Squash 22 lbs/cs|818181026180|Extra Fancy Zephyr Squash| 22 lbs/cs
2GP10|Choice Gypsy Peppers 10 lb/cs|818181026197|Choice Gypsy Peppers| 10 lb/cs
2MXP20|Choice Mixed Sweet Peppers 20 lbs/cs|818181026203|Choice Mixed Sweet Peppers| 20 lbs/cs
2OBP10|Choice Orange Bell Peppers 10 lbs/cs|818181026210|Choice Orange Bell Peppers| 10 lbs/cs
2RBP25|Choice Red Bell Peppers 25 lbs/cs|818181026227|Choice Red Bell Peppers| 25 lbs/cs
ANP10|Anaheim Peppers 10 lbs/cs|818181026234|Anaheim Peppers| 10 lbs/cs
BGP10|Blushing Gypsy Peppers 10 lbs/cs|818181026241|Blushing Gypsy Peppers| 10 lbs/cs
BOTP10|Botinecka Peppers 10 lbs/cs|818181026258|Botinecka Peppers| 10 lbs/cs
CHP10|Cherry Peppers 10 lbs/cs|818181026265|Cherry Peppers| 10 lbs/cs
CHP20|Cherry Peppers 20 lbs/cs|818181026272|Cherry Peppers| 20 lbs/cs
FP10|Flamingo Peppers 10 lbs/cs|818181026296|Flamingo Peppers| 10 lbs/cs
FP25|Flamingo Peppers 25 lbs/cs|818181026302|Flamingo Peppers| 25 lbs/cs
GBP10|Green Bell Peppers 10 lbs/cs|818181026319|Green Bell Peppers| 10 lbs/cs
GBP20|Green Bell Peppers 20 lbs/cs|818181026326|Green Bell Peppers| 20 lbs/cs
GBP25|Green Bell Peppers 25 lbs/cs|818181026333|Green Bell Peppers| 25 lbs/cs
GP10|Gypsy Pepper 10 lbs/cs|818181026340|Gypsy Pepper| 10 lbs/cs
GP15|Gypsy Pepper 15lbs/cs|818181026357|Gypsy Pepper| 15lbs/cs
GP20|Gypsy Peppers 20 lbs/cs|818181026364|Gypsy Peppers| 20 lbs/cs
GP25|Gypsy Pepper 25lbs/cs|818181026371|Gypsy Pepper| 25lbs/cs
HUNP20|Hungarian Peppers 20 lbs/cs|818181026388|Hungarian Peppers| 20 lbs/cs
IFP10|Italian Frying Peppers 10 lbs/cs|818181026395|Italian Frying Peppers| 10 lbs/cs
JENP10|di Jenise Peppers 10 lbs/cs|818181026401|di Jenise Peppers| 10 lbs/cs
JNP1|Sun-Dried Jimmy Nardello Pepper by the Pound|818181026418|Sun-Dried Jimmy Nardello Pepper| by the Pound
JNP10|Jimmy Nardello Peppers 10 lbs/cs|818181026425|Jimmy Nardello Peppers| 10 lbs/cs
LBP10|Lavender Bell Peppers 10 lbs/cs|818181026432|Lavender Bell Peppers| 10 lbs/cs
LP10|Lipstick Peppers 10 lbs/cs|818181026449|Lipstick Peppers| 10 lbs/cs
LSP10|Little Sweety Peppers 10 lb/cs|818181026456|Little Sweety Peppers| 10 lb/cs
MXBP10|Mixed Bell Peppers 10 lbs/cs|818181026463|Mixed Bell Peppers| 10 lbs/cs
MXCTP10|Mixed Corno di Toro Peppers 10 lbs/cs|818181026470|Mixed Corno di Toro Peppers| 10 lbs/cs
MXGP10|Mixed Gypsy Peppers 10 lbs/cs|818181026487|Mixed Gypsy Peppers| 10 lbs/cs
MXGP20|Mixed Gypsy Peppers 20 lbs/cs|818181026494|Mixed Gypsy Peppers| 20 lbs/cs
MXMSWP12|Mixed Mini Sweet Peppers 12 pt/cs|818181026500|Mixed Mini Sweet Peppers| 12 pt/cs
MXP10|Mixed Sweet Peppers 10 lbs/cs|818181026517|Mixed Sweet Peppers| 10 lbs/cs
MXP375|Mixed Sweet Peppers 375 lbs/cs|818181026524|Mixed Sweet Peppers| 375 lbs/cs
MXPIMP10|Mixed Pimento Peppers 10 lbs/cs|818181026531|Mixed Pimento Peppers| 10 lbs/cs
OBP10|Orange Bell Peppers 10 lbs/cs|818181026548|Orange Bell Peppers| 10 lbs/cs
OBP15|Orange Bell Peppers 15 lbs/cs|818181026555|Orange Bell Peppers| 15 lbs/cs
OBP20|Orange Bell Peppers 20 lbs/cs|818181026562|Orange Bell Peppers| 20 lbs/cs
OCTP10|Orange Corno di Toro Peppers 10 lbs/cs|818181026579|Orange Corno di Toro Peppers| 10 lbs/cs
OCTP20|Orange Corno di Toro Peppers 20 lbs/cs|818181026586|Orange Corno di Toro Peppers| 20 lbs/cs
OGP10|Orange Gypsy Peppers 10 lbs/cs|818181026593|Orange Gypsy Peppers| 10 lbs/cs
PBP10|Purple Bell Peppers 10 lbs/cs|818181026609|Purple Bell Peppers| 10 lbs/cs
PIMP10|Pimento Peppers 10lbs/cs|818181026616|Pimento Peppers| 10lbs/cs
RBP10|Red Bell Peppers 10 lbs/cs|818181026623|Red Bell Peppers| 10 lbs/cs
RBP15|Red Bell Peppers 15 lbs/cs|818181026630|Red Bell Peppers| 15 lbs/cs
RBP20|Red Bell Peppers 20 lbs/cs|818181026647|Red Bell Peppers| 20 lbs/cs
RBP30|Red Bell Peppers 30 lbs/cs|818181026654|Red Bell Peppers| 30 lbs/cs
RCTP10|Red Corno di Toro Peppers 10 lbs/cs|818181026661|Red Corno di Toro Peppers| 10 lbs/cs
RGP10|Red Gypsy Peppers 10 lb/cs|818181026678|Red Gypsy Peppers| 10 lb/cs
RIFP10|Red Italian Frying Peppers 10 lbs/cs|818181026685|Red Italian Frying Peppers| 10 lbs/cs
SDGP24|Sun-Dried Gypsy Peppers 24 1-oz bags/cs|818181026692|Sun-Dried Gypsy Peppers| 24 1-oz bags/cs
SDGPUNIT|Sun-Dried Gypsy Peppers by the pound|818181026708|Sun-Dried Gypsy Peppers| by the pound
YBP10|Yellow Bell Peppers 10 lbs/cs|818181026715|Yellow Bell Peppers| 10 lbs/cs
YBP15|Yellow Bell Peppers 15 lbs/cs|818181026722|Yellow Bell Peppers| 15 lbs/cs
YBP20|Yellow Bell Peppers 20 lbs/cs|818181026739|Yellow Bell Peppers| 20 lbs/cs
YCTP10|Yellow Corno di Toro Peppers 10 lbs/cs|818181026746|Yellow Corno di Toro Peppers| 10 lbs/cs
YGP10|Yellow Gypsy Peppers 10 lbs/cs|818181026753|Yellow Gypsy Peppers| 10 lbs/cs
YPIMP10|Yellow Pimento Peppers 10 lbs/cs|818181026760|Yellow Pimento Peppers| 10 lbs/cs
#VALUE!|Tomatillos 10 lbs/cs|818181026777|Tomatillos| 10 lbs/cs
2RROMAT20|Choice Red Roma Tomatoes 20 lbs/cs|818181026784|Choice Red Roma Tomatoes| 20 lbs/cs
2T20|Choice Tomatoes 20 lbs/cs|818181026791|Choice Tomatoes| 20 lbs/cs
2T30|Choice Tomatoes 30 lbs/cs|818181026807|Choice Tomatoes| 30 lbs/cs
AGT10|All Green Tomatoes 10 lbs/cs|818181026821|All Green Tomatoes| 10 lbs/cs
AGT20|All Green Tomatoes818181026838|All Green Tomatoes|20 lbs/cs|818181026838
ARGGT10|Aunt Ruby's German Green Tomatoes 10 lbs/cs|818181026845|Aunt Ruby's German Green Tomatoes| 10 lbs/cs
BBT10|Big Beef Tomatoes 10 lbs/cs|818181026852|Big Beef Tomatoes| 10 lbs/cs
BKT10|Black Krim Tomatoes 10 lbs/cs|818181026869|Black Krim Tomatoes| 10 lbs/cs
BPNT10|Black Pineapple Tomatoes 10 lbs/cs|818181026876|Black Pineapple Tomatoes| 10 lbs/cs
BPRT10|Black Pear Tomatoes 10 lbs/cs|818181026883|Black Pear Tomatoes| 10 lbs/cs
BPT10|Black Prince Tomatoes 10 lbs/cs|818181026890|Black Prince Tomatoes| 10 lbs/cs
BWT10|Brandywine Tomatoes 10 lbs/cs|818181026906|Brandywine Tomatoes| 10 lbs/cs
BZT10|Big Zebra Tomatoes 10 lbs/cs|818181026913|Big Zebra Tomatoes| 10 lbs/cs
CCHT10|Cherokee Chocolate Tomatoes 10 lbs/cs|818181026920|Cherokee Chocolate Tomatoes| 10 lbs/cs
CGT10|Cherokee Green Tomatoes 10 lbs/cs|818181026937|Cherokee Green Tomatoes| 10 lbs/cs
CMXT12|Caprese Mix Tomatoes 12 lbs/cs|818181026944|Caprese Mix Tomatoes| 12 lbs/cs
CPT10|Cherokee Purple Tomatoes 10 lbs/cs|818181026951|Cherokee Purple Tomatoes| 10 lbs/cs
DFEGT20|Dry Farm Early Girl Tomatoes 20 lb/cs|818181026968|Dry Farm Early Girl Tomatoes| 20 lb/cs
EGT20|Early Girl Tomatoes 20 lbs/cs|818181026975|Early Girl Tomatoes| 20 lbs/cs
GGRT10|German Green Tomatoes 10 lbs/cs|818181026982|German Green Tomatoes| 10 lbs/cs
GODT10|Gold Dust Tomatoes 10 lbs/cs|818181026999|Gold Dust Tomatoes| 10 lbs/cs
GOJT10|Golden Jubilee Tomatoes 10 lbs/cs|818181027002|Golden Jubilee Tomatoes| 10 lbs/cs
GOJT20|Golden Jubilee Tomatoes 20 lbs/cs|818181027019|Golden Jubilee Tomatoes| 20 lbs/cs
GRT10|German Red Tomatoes 10 lbs/cs|818181027026|German Red Tomatoes| 10 lbs/cs
GST10|German Strawberry Tomatoes 10 lbs/cs|818181027033|German Strawberry Tomatoes| 10 lbs/cs
GWHT10|Great White Tomateos 10 lbs/cs|818181027040|Great White Tomateos| 10 lbs/cs
GZT10|Green Zebra Tomatoes 10 lbs/cs|818181027057|Green Zebra Tomatoes| 10 lbs/cs
HIPNT10|Hawai'ian Pineapple Tomatoes 10 lbs/cs|818181027064|Hawai'ian Pineapple Tomatoes| 10 lbs/cs
IBST20|Italian Beefsteak Tomatoes 20 lbs/cs|818181027071|Italian Beefsteak Tomatoes| 20 lbs/cs
IRT12|Indigo Rose Tomatoes 12 pts/cs|818181027088|Indigo Rose Tomatoes| 12 pts/cs
LBT10|Lemon Boy Tomatoes 10 lbs/cs|818181027095|Lemon Boy Tomatoes| 10 lbs/cs
LCMXT10|La Cocina Mixed Tomatoes 10 lbs/cs|818181027101|La Cocina Mixed Tomatoes| 10 lbs/cs
MGOT10|Mountain Gold Tomatoes 10 lbs/cs|818181027118|Mountain Gold Tomatoes| 10 lbs/cs
MST10|Marvel Stripe Tomatoes 10 lbs/cs|818181027125|Marvel Stripe Tomatoes| 10 lbs/cs
MXHT10|Mixed Heirloom Tomatoes 10 lbs/cs|818181027132|Mixed Heirloom Tomatoes| 10 lbs/cs
OBLT1|Orange Blossom Tomatoes 1 layer|818181027149|Orange Blossom Tomatoes| 1 layer
OBLT10|Orange Blossom Tomatoes 10 lb/cs|818181027156|Orange Blossom Tomatoes| 10 lb/cs
OBLT2|Orange Blossom Tomatoes 2 layers|818181027163|Orange Blossom Tomatoes| 2 layers
OST1|Orange Slicer Tomatoes 1 layer|818181027170|Orange Slicer Tomatoes| 1 layer
OST10|Orange Slicer Tomatoes 10 lbs/cs|818181027187|Orange Slicer Tomatoes| 10 lbs/cs
OST2|Orange Slicer Tomatoes 2 layers|818181027194|Orange Slicer Tomatoes| 2 layers
OTVT11|On The Vine Cluster Tomatoes 11 lbs/cs|818181027200|On The Vine Cluster Tomatoes| 11 lbs/cs
PCT10|Purple Calabash Tomatoes 10 lbs/cs|818181027217|Purple Calabash Tomatoes| 10 lbs/cs
PERST10|Persimmon Tomatoes 10 lbs/cs|818181027224|Persimmon Tomatoes| 10 lbs/cs
PMXHT10|Petite Mixed Heirloom Tomatoes 10 lbs/cs|818181027231|Petite Mixed Heirloom Tomatoes| 10 lbs/cs
RROMAT20|Red Roma Tomatoes 20 lbs/cs|818181027248|Red Roma Tomatoes| 20 lbs/cs
RST1|Red Slicer Tomatoes 1 layer|818181027255|Red Slicer Tomatoes| 1 layer
RST10|Red Slicer Tomatoes 10 lb/cs|818181027262|Red Slicer Tomatoes| 10 lb/cs
RST2|Red Slicer Tomatoes 2 layers|818181027279|Red Slicer Tomatoes| 2 layers
RST30|Red Slicer Tomatoes 30 lbs/cs|818181027286|Red Slicer Tomatoes| 30 lbs/cs
RZT10|Red Zebra Tomatoes 10 lbs/cs|818181027293|Red Zebra Tomatoes| 10 lbs/cs
SDEGTUNIT|Sun-Dried Early Girl Tomatoes by the pound|818181027309|Sun-Dried Early Girl Tomatoes| by the pound
SLDTT20|Saladette Tomatoes 20 lbs/cs|818181027316|Saladette Tomatoes| 20 lbs/cs
SMRROMAT20|San Marzano Roma Tomatoes 20 lbs/cs|818181027323|San Marzano Roma Tomatoes| 20 lbs/cs
TAXIT10|Taxi Yellow Tomatoes 10 lbs/cs|818181027330|Taxi Yellow Tomatoes| 10 lbs/cs
TNGT10|Tangerine Tomatoes 10 lbs/cs|818181027347|Tangerine Tomatoes| 10 lbs/cs
VWT10|Vintage Wine Tomatoes 10 lbs/cs|818181027354|Vintage Wine Tomatoes| 10 lbs/cs
YBWT10|Yellow Brandywine Tomatoes 10 lbs/cs|818181027361|Yellow Brandywine Tomatoes| 10 lbs/cs
YRUFT8|Yellow Ruffled Tomatoes 8 lbs/cs|818181027378|Yellow Ruffled Tomatoes| 8 lbs/cs
YST1|Yellow Slicer Tomatoes 1 layer|818181027385|Yellow Slicer Tomatoes| 1 layer
YST2|Yellow Slicer Tomatoes 2 layers|818181027392|Yellow Slicer Tomatoes| 2 layers
GOT10|Gold Turnips 10 lbs/cs|818181027408|Gold Turnips| 10 lbs/cs
GOT12|Gold Turnips 12 bu/cs|818181027415|Gold Turnips| 12 bu/cs
GOT24|Gold Turnips 24 bu/cs|818181027422|Gold Turnips| 24 bu/cs
GOT25|Gold Turnips 25 lbs/cs|818181027439|Gold Turnips| 25 lbs/cs
MXR10|Mixed Roots 10 lbs/cs|818181027446|Mixed Roots| 10 lbs/cs
MXT10|Mixed Turnips 10 lbs/bag|818181027453|Mixed Turnips| 10 lbs/bag
MXT24|Mixed Turnips 24 bu/cs|818181027460|Mixed Turnips| 24 bu/cs
MXT25|Mixed Turnips 25 lbs/bag|818181027477|Mixed Turnips| 25 lbs/bag
PTT10|Purple Top Turnips 10 lbs/cs|818181027484|Purple Top Turnips| 10 lbs/cs
PTT12|Purple Top Turnips 12 bu/cs|818181027491|Purple Top Turnips| 12 bu/cs
PTT24|Purple Top Turnips 24 bu/cs|818181027507|Purple Top Turnips| 24 bu/cs
PTT25|Purple Top Turnips 25 lbs/cs|818181027514|Purple Top Turnips| 25 lbs/cs
SQT10|Scarlet Queen Turnips 10 lbs/cs|818181027521|Scarlet Queen Turnips| 10 lbs/cs
SQT12|Scarlet Queen Turnips 12 bu/cs|818181027538|Scarlet Queen Turnips| 12 bu/cs
SQT24|Scarlet Queen Turnips 24 bu/cs|818181027545|Scarlet Queen Turnips| 24 bu/cs
SQT25|Scarlet Queen Turnips 25 lbs/cs|818181027552|Scarlet Queen Turnips| 25 lbs/cs
TT10|Tokyo Turnips 10 lbs/cs|818181027569|Tokyo Turnips| 10 lbs/cs
TT12|Tokyo Turnips 12 bu/cs|818181027576|Tokyo Turnips| 12 bu/cs
TT24|Tokyo Turnips 24 bu/cs|818181027583|Tokyo Turnips| 24 bu/cs
TT25|Tokyo Turnips 25 lbs/cs|818181027590|Tokyo Turnips| 25 lbs/cs
TT5|Tokyo Turnips 5 lbs/cs|818181027606|Tokyo Turnips| 5 lbs/cs
CRSWWM600|Crimson Sweet Watermelon 600 lbs/bin|818181027613|Crimson Sweet Watermelon| 600 lbs/bin
MKYLWM30|Micky Lee Watermelon 30 lbs/cs|818181027620|Micky Lee Watermelon| 30 lbs/cs
MXWM30|Mixed Watermelon 30 lbs/cs|818181027637|Mixed Watermelon| 30 lbs/cs
ORCHWM30|Orchid Watermelon 30 lbs/cs|818181027644|Orchid Watermelon| 30 lbs/cs
ORCHWMUNIT|Orchid Watermelon by the piece|818181027651|Orchid Watermelon| by the piece
OWM30|Orange Watermelon 30 lbs/cs|818181027675|Orange Watermelon| 30 lbs/cs
RSLWM30|Red Seedless Watermelon 30 lbs/cs|818181027682|Red Seedless Watermelon| 30 lbs/cs
RSLWM500|Red Seedless Watermelon 500 lbs/bin|818181027699|Red Seedless Watermelon| 500 lbs/bin
RSLWM650|Red Seedless Watermelon 650 lbs/bin|818181027705|Red Seedless Watermelon| 650 lbs/bin
RSLWM800|Red Seedless Watermelon 800 lbs/bin|818181027712|Red Seedless Watermelon| 800 lbs/bin
RWM30|Red Watermelon 30 lbs/cs|818181027729|Red Watermelon| 30 lbs/cs
RWM50|Red Watermelon 50 lbs/cs|818181027736|Red Watermelon| 50 lbs/cs
RWM500|Red Watermelon 500 lbs/bin|818181027743|Red Watermelon| 500 lbs/bin
RWM650|Red Watermelon 650 lbs/bin|818181027750|Red Watermelon| 650 lbs/bin
TGRWM30|Tiger Baby Watermelon 30 lbs/cs|818181027767|Tiger Baby Watermelon| 30 lbs/cs
TGRWM650|Tiger Baby Watermelon 650 lbs/bin|818181027774|Tiger Baby Watermelon| 650 lbs/bin
TGRWM800|Tiger Baby Watermelon 800 lbs/bin|818181027781|Tiger Baby Watermelon| 800 lbs/bin
TGRWMUNIT|Tiger Baby Watermelon by the piece|818181027798|Tiger Baby Watermelon| by the piece
YBWM30|Yellow Baby Watermelon 30 lbs/cs|818181027804|Yellow Baby Watermelon| 30 lbs/cs
YBWM550|Yellow Baby Watermelon 550lbs/Bin|818181027811|Yellow Baby Watermelon| 550lbs/Bin
YBWMUNIT|Yellow Baby Watermelon by the unit|818181027828|Yellow Baby Watermelon| by the unit
2BNS35|Choice Butternut Squash 35 lbs/cs|818181027835|Choice Butternut Squash| 35 lbs/cs
2BNS50|Choice Butternut Squash 50 lbs/cs|818181027842|Choice Butternut Squash| 50 lbs/cs
ACS30|Acorn Squash 30 lbs/cs|818181027859|Acorn Squash| 30 lbs/cs
ACS35|Acorn Squash 35 lbs/cs|818181027866|Acorn Squash| 35 lbs/cs
ACS40|Acorn Squash 40 lbs/cs|818181027873|Acorn Squash| 40 lbs/cs
ACS600|Acorn Squash 600 lbs/bin|818181027880|Acorn Squash| 600 lbs/bin
ACS750|Acorn Squash 750 lbs/bin|818181027897|Acorn Squash| 750 lbs/bin
ACSUNIT|Acorn Squash by the piece|818181027903|Acorn Squash| by the piece
BCS35|Buttercup Squash 35 lbs/cs|818181027910|Buttercup Squash| 35 lbs/cs
BCS675|Buttercup Squash 675 lbs/cs|818181027927|Buttercup Squash| 675 lbs/cs
BHS|Blue Hubbard Squash 30 lbs/cs|818181027934|Blue Hubbard Squash| 30 lbs/cs
BKS35|Butterkin Squash 35 lbs/cs|818181027941|Butterkin Squash |35 lbs/cs
BNS30|Butternut Squash 30 lbs/cs|818181027958|Butternut Squash| 30 lbs/cs
BNS35|Butternut Squash 35 lbs/cs|818181027965|Butternut Squash| 35 lbs/cs
BNS40|Butternut Squash 40 lbs/cs|818181027972|Butternut Squash| 40 lbs/cs
BNS50|Butternut Squash 50 lbs/cs|818181027989|Butternut Squash| 50 lbs/cs
BNS675|Butternut Squash 675 lbs/bin|818181027996|Butternut Squash| 675 lbs/bin
BNS700|Butternut Squash 700 lbs/bin|818181028009|Butternut Squash| 700 lbs/bin
BNS900|Butternut Squash 900 lbs/bin|818181028016|Butternut Squash| 900 lbs/bin
BNSR30|Butternut Squash Rugosa 30 lb/cs|818181028023|Butternut Squash Rugosa| 30 lb/cs
BNSR35|Butternut Squash Rugosa 35 lbs|818181028030|Butternut Squash Rugosa| 35 lbs
BNSUNIT|Butternut Squash by the piece|818181028047|Butternut Squash| by the piece
CARS20|Carnival Squash 20 lbs/cs|818181028054|Carnival Squash| 20 lbs/cs
CARS35|Carnival Squash 35 lbs/cs|818181028061|Carnival Squash| 35 lbs/cs
CARSUNIT|Carnival Squash by the unit|818181028078|Carnival Squash| by the unit
DES20|Delicata Squash 20 lbs/cs|818181028085|Delicata Squash| 20 lbs/cs
DES35|Delicata Squash 35 lbs/cs|818181028092|Delicata Squash| 35 lbs/cs
DES40|Delicata Squash 40 lbs/cs|818181028108|Delicata Squash| 40 lbs/cs
DES675|Delicata Squash 675 lbs/bin|818181028115|Delicata Squash| 675 lbs/bin
DES750|Delicata Squash 750 lbs/bin|818181028122|Delicata Squash| 750 lbs/bin
DESUNIT|Delicata Squash by the piece|818181028139|Delicata Squash| by the piece
FTP30|Fairy Tale Pumpkins 30 lbs/cs|818181028146|Fairy Tale Pumpkins| 30 lbs/cs
FTP35|Fairy Tale Pumpkins 35 lbs/cs|818181028153|Fairy Tale Pumpkins| 35 lbs/cs
FTP550|Fairy Tale Pumpkins 550 lbs/cs|818181028160|Fairy Tale Pumpkins| 550 lbs/cs
GKBS35|Grey Kabocha Squash 35 lbs/cs|818181028177|Grey Kabocha Squash| 35 lbs/cs
GKBS750|Grey Kabocha Squash 750 lbs/bin|818181028184|Grey Kabocha Squash| 750 lbs/bin
GKBSUNIT|Grey Kabocha Squash by the piece|818181028191|Grey Kabocha Squash| by the piece
HNWS20|Honeynut Squash 20 lbs/cs|818181028207|Honeynut Squash| 20 lbs/cs
HNWS35|Honeynut Squash 35 lb/cs|818181028214|Honeynut Squash| 35 lb/cs
JARS30|Jarrahdale Squash 30 lbs/cs|818181028221|Jarrahdale Squash| 30 lbs/cs
JARS40|Jarrahdale Squash 40 lbs/cs|818181028238|Jarrahdale Squash| 40 lbs/cs
JP40|Jack O' Lantern Pumpkins 40 lbs/cs|818181028245|Jack O' Lantern Pumpkins| 40 lbs/cs
KBS35|Kabocha Squash 35 lbs/cs|818181028252|Kabocha Squash| 35 lbs/cs
KBS40|Kabocha Squash 40 lbs/cs|818181028269|Kabocha Squash| 40 lbs/cs
KBS675|Kabocha Squash 675 lbs/bin|818181028276|Kabocha Squash| 675 lbs/bin
KBS750|Kabocha Squash 750 lbs/bin|818181028283|Kabocha Squash| 750 lbs/bin
KBSUNIT|Kabocha Squash by the piece|818181028290|Kabocha Squash| by the piece
KP30|Kaikai Pumpkin 30 lbs/cs|818181028306|Kaikai Pumpkin| 30 lbs/cs
KP35|Kaikai Pumpkin 35 lbs/cs|818181028313|Kaikai Pumpkin| 35 lbs/cs
LICS30|Long Island Cheese Squash 30 lbs/cs|818181028320|Long Island Cheese Squash| 30 lbs/cs
LICS35|Long Island Cheese Squash 35 lbs/cs|818181028337|Long Island Cheese Squash| 35 lbs/cs
LICS40|Long Island Cheese Squash 40 lbs/cs|818181028344|Long Island Cheese Squash| 40 lbs/cs
MXOP35|Mixed Ornamental Pumpkins 35 lbs/cs|818181028351|Mixed Ornamental Pumpkins| 35 lbs/cs
MXS35|Mixed Winter Squash 35 lbs/cs|818181028368|Mixed Winter Squash| 35 lbs/cs
MXS40|Mixed Winter Squash 40 lbs/cs|818181028375|Mixed Winter Squash| 40 lbs/cs
MXS600|Mixed WInter Squash 600 lbs/cs|818181028382|Mixed WInter Squash| 600 lbs/cs
MXS650|Mixed Winter Squash 650 lbs/bin|818181028399|Mixed Winter Squash| 650 lbs/bin
MXS675|Mixed Winter Squash 675 lbs/bin|818181028405|Mixed Winter Squash| 675 lbs/bin
MXS750|Mixed Winter Squash 750 lbs/shuttle bin|818181028412|Mixed Winter Squash| 750 lbs/shuttle bin
PUMPKIN SEED|Pumpkin Seeds by the pound|818181028429|Pumpkin Seeds| by the pound
RDES30|Rouge d'Etampes Squash 30 lbs/cs|818181028436|Rouge d'Etampes Squash| 30 lbs/cs
RDES35|Rouge d'Etampes Squash 35 lbs/cs|818181028443|Rouge d'Etampes Squash| 35 lbs/cs
RDES40|Rouge d'Etampes Squash 40 lbs/cs|818181028450|Rouge d'Etampes Squash| 40 lbs/cs
RDES550|Rouge d'Etampes Squash 550 lbs/cs|818181028467|Rouge d'Etampes Squash| 550 lbs/cs
RKBS35|Red Kabocha Squash 35 lbs/cs|818181028474|Red Kabocha Squash| 35 lbs/cs
RKBS675|Red Kabocha Squash 675 lbs/cs|818181028481|Red Kabocha Squash| 675 lbs/cs
RKBS750|Red Kabocha Squash 750 lbs/cs|818181028498|Red Kabocha Squash| 750 lbs/cs
RKBSUNIT|Red Kabocha Squash by the piece|818181028504|Red Kabocha Squash| by the piece
RKS35|Red Kuri Squash 35 lbs/cs|818181028511|Red Kuri Squash| 35 lbs/cs
RKS40|Red Kuri Squash 40 lbs/cs|818181028528|Red Kuri Squash| 40 lbs/cs
SPGS30|Spaghetti Squash 30 lbs/cs|818181028535|Spaghetti Squash| 30 lbs/cs
SPGS35|Spaghetti Squash 35 lbs/cs|818181028542|Spaghetti Squash| 35 lbs/cs
SPGS675|Spaghetti Squash 675 lbs/bin|818181028559|Spaghetti Squash| 675 lbs/bin
SPGS750|Spaghetti Squash 750 lbs/cs|818181028566|Spaghetti Squash| 750 lbs/cs
SPGSUNIT|Spaghetti Squash by the piece|818181028573|Spaghetti Squash| by the piece
SPP30|Sugar Pie Pumpkins 30 lbs/cs|818181028580|Sugar Pie Pumpkins| 30 lbs/cs
SPP35|Sugar Pie Pumpkins 35 lbs/cs|818181028597|Sugar Pie Pumpkins| 35 lbs/cs
SPP40|Sugar Pie Pumpkins 40 lbs/cs|818181028603|Sugar Pie Pumpkins| 40 lbs/cs
SPP550|Sugar Pie Pumpkins 550 lbs/bin|818181028610|Sugar Pie Pumpkins| 550 lbs/bin
SPP650|Sugar Pie Pumpkins 650 lbs/bin|818181028627|Sugar Pie Pumpkins| 650 lbs/bin
SPPUNIT|Sugar Pie Pumpkins by the piece|818181028634|Sugar Pie Pumpkins| by the piece
